{"cameraMode":{"drawMode":0,"name":"Shaded","section":"Shading Mode"},"sceneLighting":false,"audioPlay":false,"sceneViewState":{"m_AlwaysRefresh":false,"showFog":true,"showSkybox":false,"showFlares":true,"showImageEffects":true,"showParticleSystems":true,"showVisualEffectGraphs":true,"m_FxEnabled":true},"in2DMode":false,"pivot":{"x":-0.16399013996124268,"y":0.06989240646362305,"z":-0.14591073989868165},"rotation":{"x":-0.2243235558271408,"y":0.422793447971344,"z":-0.10885830968618393,"w":-0.871249794960022},"size":2.6601603031158449,"orthographic":false}