{"cameraMode":{"drawMode":0,"name":"Shaded","section":"Shading Mode"},"sceneLighting":true,"audioPlay":false,"sceneViewState":{"m_AlwaysRefresh":false,"showFog":true,"showSkybox":true,"showFlares":true,"showImageEffects":true,"showParticleSystems":true,"showVisualEffectGraphs":true,"m_FxEnabled":true},"in2DMode":false,"pivot":{"x":0.5075272917747498,"y":5.262231349945068,"z":5.770068645477295},"rotation":{"x":-0.006886960938572884,"y":0.9789330959320068,"z":-0.20130516588687898,"w":-0.033492207527160647},"size":1.6740632057189942,"orthographic":false}