{"cameraMode":{"drawMode":0,"name":"Shaded","section":"Shading Mode"},"sceneLighting":true,"audioPlay":false,"sceneViewState":{"m_AlwaysRefresh":false,"showFog":true,"showSkybox":true,"showFlares":true,"showImageEffects":true,"showParticleSystems":true,"showVisualEffectGraphs":true,"m_FxEnabled":true},"in2DMode":false,"pivot":{"x":-9.931121826171875,"y":4.508367538452148,"z":49.87102127075195},"rotation":{"x":0.09127750247716904,"y":0.04539519175887108,"z":-0.00416529318317771,"w":0.9947831034660339},"size":31.831268310546876,"orthographic":false}