{"cameraMode":{"drawMode":0,"name":"Shaded","section":"Shading Mode"},"sceneLighting":true,"audioPlay":false,"sceneViewState":{"m_AlwaysRefresh":false,"showFog":true,"showSkybox":true,"showFlares":true,"showImageEffects":true,"showParticleSystems":true,"showVisualEffectGraphs":true,"m_FxEnabled":true},"in2DMode":false,"pivot":{"x":0.8332059383392334,"y":1.767661452293396,"z":0.20427846908569337},"rotation":{"x":-0.13301266729831696,"y":0.7880933880805969,"z":-0.18312209844589234,"w":-0.5724402070045471},"size":2.3214974403381349,"orthographic":false}