{"cameraMode":{"drawMode":0,"name":"Shaded","section":"Shading Mode"},"sceneLighting":true,"audioPlay":false,"sceneViewState":{"m_AlwaysRefresh":false,"showFog":true,"showSkybox":true,"showFlares":true,"showImageEffects":true,"showParticleSystems":true,"showVisualEffectGraphs":true,"m_FxEnabled":true},"in2DMode":false,"pivot":{"x":-6.393994331359863,"y":6.659249305725098,"z":1.5311102867126465},"rotation":{"x":0.28103095293045046,"y":-0.02878553979098797,"z":0.008433460257947445,"w":0.9592300057411194},"size":16.4974308013916,"orthographic":false}