{"cameraMode":{"drawMode":0,"name":"Shaded","section":"Shading Mode"},"sceneLighting":true,"audioPlay":false,"sceneViewState":{"m_AlwaysRefresh":false,"showFog":true,"showSkybox":true,"showFlares":true,"showImageEffects":true,"showParticleSystems":true,"showVisualEffectGraphs":true,"m_FxEnabled":true},"in2DMode":false,"pivot":{"x":0.43034613132476809,"y":-12.411861419677735,"z":20.302982330322267},"rotation":{"x":-0.3336124122142792,"y":0.04352865368127823,"z":-0.015423806384205819,"w":-0.9415808320045471},"size":23.464052200317384,"orthographic":false}