{"cameraMode":{"drawMode":0,"name":"Shaded","section":"Shading Mode"},"sceneLighting":true,"audioPlay":false,"sceneViewState":{"m_AlwaysRefresh":false,"showFog":true,"showSkybox":false,"showFlares":true,"showImageEffects":true,"showParticleSystems":true,"showVisualEffectGraphs":true,"m_FxEnabled":true},"in2DMode":false,"pivot":{"x":-0.06437526643276215,"y":1.395607590675354,"z":-0.7371878623962402},"rotation":{"x":-0.002457032911479473,"y":0.9704946279525757,"z":-0.2409035712480545,"w":-0.009898709133267403},"size":7.114218235015869,"orthographic":false}